{
  "num_samples": 50000,
  "ctr_rate": 0.2671999931335449,
  "cvr_rate": 0.07575999945402145,
  "cvr_given_click": 0.2835329473018646,
  "sparse_dims": [
    1000,
    500,
    50,
    20,
    100,
    5,
    30,
    200,
    100,
    24,
    7,
    12,
    50,
    50,
    30,
    30,
    10,
    20,
    15,
    8
  ],
  "num_sparse": 20,
  "num_dense": 10
}