{
  "model": "PLEModel",
  "total_epochs": 30,
  "best_epoch": 16,
  "best_val_metrics": {
    "val_loss": 0.8620871841907501,
    "ctr_auc": 0.5335952021905686,
    "cvr_auc": 0.557414209457838,
    "total_auc": 0.5455047058242033,
    "ctr_logloss": 0.6023193686504773,
    "cvr_logloss": 0.30089276677982874
  },
  "best_train_metrics": {
    "total_loss": 0.7363996940500596,
    "ctr_loss": 0.5397005165324492,
    "cvr_loss": 0.21833130629623637,
    "mask_loss": 0.22028741503463073,
    "load_balance_loss": 1.3835239985409904,
    "num_batches": 85,
    "conflict_count": 0,
    "avg_cos_sim": 0.7927908897399902,
    "train_ctr_auc": 0.6773931065555893,
    "train_cvr_auc": 0.8099621736995396,
    "task_weight_ctr": 0.907789945602417,
    "task_weight_cvr": 1.251438021659851,
    "log_sigma_ctr": 0.04837113618850708,
    "log_sigma_cvr": -0.11214666813611984
  },
  "final_gate_temperatures": [
    [
      1.0909686387648738,
      1.0909686387648738
    ],
    [
      1.0909686387648738,
      1.0909686387648738
    ],
    [
      1.0909686387648738,
      1.0909686387648738
    ]
  ],
  "frozen_uncertainty_weights": [
    0.9465086460113525,
    1.3384227752685547
  ],
  "conflict_summary": {
    "final_conflict_ratio": 0.0,
    "final_ema_cos_sim": 0.3905266524805445
  },
  "convergence_diagnosis": {
    "ctr": "CONVERGED - CTR AUC stable (delta < 0.001)",
    "cvr": "CONVERGED - CVR AUC stable"
  }
}