{
  "results": {
    "mmoe": {
      "model": "mmoe",
      "params": 153690,
      "test": {
        "vl": 1.0226367503404616,
        "ctr_auc": 0.6269585878877936,
        "cvr_auc": 0.6887884579416734,
        "avg_auc": 0.6578735229147334,
        "ctr_ll": 0.6488138875185626,
        "cvr_ll": 0.37429471741204745
      },
      "uw_frozen": [
        0.8738402724266052,
        1.2178455591201782
      ],
      "epochs": 20,
      "best_val_auc": 0.6549314589842397,
      "gc_final": 0.4396,
      "complete": true
    },
    "cgc": {
      "model": "cgc",
      "params": 192890,
      "test": {
        "vl": 1.0182253897190094,
        "ctr_auc": 0.6295904706404563,
        "cvr_auc": 0.6907635746056301,
        "avg_auc": 0.6601770226230432,
        "ctr_ll": 0.650754930200887,
        "cvr_ll": 0.36745891645057127
      },
      "uw_frozen": [
        0.8785098195075989,
        1.2190600633621216
      ],
      "epochs": 20,
      "best_val_auc": 0.6595250164527307,
      "gc_final": -0.0288,
      "complete": true
    },
    "ple": {
      "model": "ple",
      "params": 243978,
      "test": {
        "vl": 0.9868838965892792,
        "ctr_auc": 0.6421902584644706,
        "cvr_auc": 0.7124383622638766,
        "avg_auc": 0.6773143103641737,
        "ctr_ll": 0.6366865896293843,
        "cvr_ll": 0.35173217889056446
      },
      "uw_frozen": [
        0.8625761866569519,
        1.2062212228775024
      ],
      "epochs": 20,
      "best_val_auc": 0.6739471673650543,
      "gc_final": 0.4332,
      "complete": true
    }
  },
  "winner": "ple"
}