{
  "comparison": {
    "ple": {
      "ctr_auc": 0.49798949751128196,
      "cvr_auc": 0.504690819004636,
      "avg_auc": 0.501340158257959
    },
    "mmoe": {
      "ctr_auc": 0.497142,
      "cvr_auc": 0.464076,
      "avg_auc": 0.480609
    },
    "cgc": {
      "ctr_auc": 0.501698,
      "cvr_auc": 0.542077,
      "avg_auc": 0.521888
    }
  },
  "winner": "cgc"
}